CustomerID,CustomerFirstName,CustomerLastName,CustomerAddress,CustomerCity,CustomerState,CustomerZIP,CustomerEmail
1,Kameko,Gray,Ap #404-8160 Arcu. Street,Jackson,GA,89932,arcu@yahoo.couk
2,Ray,Acevedo,418-1617 Aliquam St.,Birmingham,CA,56688,lobortis.risus.in@icloud.couk
3,Ciara,Cole,222-4904 Vel Rd.,Jackson,AL,34447,et@aol.couk
4,Guy,Willis,"647-1716 Id, Ave",Memphis,CA,69574,luctus.et@hotmail.net
5,Clio,George,498-1833 Odio. Street,Hartford,NH,47622,eu.odio@google.edu
6,Skyler,Barnett,783-7755 Amet Rd.,Kenosha,NH,15327,amet@icloud.couk
7,Imelda,Porter,Ap #741-1981 Orci St.,Fairbanks,HI,75817,donec.nibh.quisque@hotmail.couk
8,Rebecca,Glover,Ap #450-8331 Nulla. St.,Dover,NY,89940,eget@icloud.com
9,Cara,Alvarado,"P.O. Box 451, 5111 Egestas St.",Fresno,NY,33329,duis.at@outlook.ca
10,Kennan,Lott,"P.O. Box 148, 9000 Quis Av.",Green Bay,FL,20380,in.hendrerit.consectetuer@icloud.net
11,Aphrodite,Tate,8698 Dolor. Road,Montgomery,CA,62791,nec.diam@outlook.org
12,Palmer,Whitley,"P.O. Box 249, 5413 Sed Ave",Chattanooga,NJ,52307,duis@yahoo.com
13,Russell,Andrews,"P.O. Box 970, 8197 Curabitur Av.",Shreveport,AK,40212,maecenas.ornare.egestas@aol.ca
14,Madison,Jensen,682-8176 Pellentesque Street,Madison,AL,30481,arcu.aliquam.ultrices@outlook.net
15,Molly,Morton,7150 Hendrerit. Rd.,Kenosha,FL,71987,sagittis.placerat@icloud.com
16,Emerald,Conley,Ap #342-9170 Diam Ave,Evansville,AL,78377,diam.vel.arcu@outlook.org
17,Octavia,Hunter,"1155 Montes, St.",Lansing,NH,22014,egestas.duis.ac@yahoo.couk
18,Nell,Bauer,"P.O. Box 415, 9726 Tellus, St.",Burlington,AK,82749,ut.quam@protonmail.com
19,Mariam,Spence,Ap #480-2100 Sed Rd.,Phoenix,AL,78074,imperdiet.ullamcorper@hotmail.couk
20,Jordan,Bradford,Ap #361-1675 Mauris. Ave,Eugene,HI,86157,eget@outlook.com
21,Susan,Payne,"P.O. Box 656, 9776 Blandit Rd.",Fairbanks,CA,14699,vel.venenatis@yahoo.com
22,Hoyt,Stuart,Ap #911-1661 Et Avenue,Huntsville,NJ,20404,eget.massa.suspendisse@hotmail.edu
23,Thomas,Bender,Ap #704-6931 Metus. Rd.,Bridgeport,AK,41202,metus.aliquam.erat@protonmail.com
24,Tate,Keith,263-5058 Pede St.,Cincinnati,AK,86251,amet.ornare@protonmail.com
25,Vivian,Glover,Ap #926-8702 Vestibulum Avenue,Davenport,WY,96667,fusce@google.edu
26,Kylee,Shaffer,5732 Nunc Rd.,Tulsa,NH,84769,egestas.lacinia@hotmail.edu
27,Yen,Sellers,Ap #538-7276 At Ave,Paradise,GA,86275,neque@outlook.net
28,Aileen,Copeland,"P.O. Box 613, 1433 Ac Av.",Mesa,AL,58177,dolor.dapibus@hotmail.couk
29,Brendan,Rogers,131-660 Luctus Rd.,Burlington,CA,27886,purus@google.net
30,Bryar,Ellison,Ap #980-3786 Sem St.,Fort Worth,HI,71772,leo.morbi@protonmail.com
31,Quon,Newton,Ap #544-7378 Eu Rd.,Gulfport,WY,95685,elementum@protonmail.net
32,Remedios,Ferrell,475-9378 Aliquet Rd.,Owensboro,CA,63011,aliquet.odio@hotmail.edu
33,Lucas,Stein,Ap #799-335 Ac Ave,Cincinnati,CA,99803,sit.amet@google.couk
34,Candace,Carver,Ap #579-9829 Posuere St.,Covington,NY,47144,amet.consectetuer.adipiscing@aol.ca
35,Sybill,Montoya,958-6344 Risus. Rd.,Flint,NY,71776,morbi.accumsan@protonmail.couk
36,Peter,Russo,280-722 Aenean Street,Wyoming,NH,71277,dignissim.magna.a@protonmail.couk
37,Kasimir,Woods,537-9153 Amet Street,Reading,FL,71176,a@hotmail.edu
38,Raphael,Lynch,893-2195 Eget Street,Omaha,NJ,85286,lacus.ut@yahoo.ca
39,Tasha,Marsh,"P.O. Box 562, 134 Arcu. Av.",Chandler,KY,53496,vel.turpis@protonmail.ca
40,Cole,Hogan,3897 Et Ave,Las Vegas,HI,91447,dui@aol.ca
41,Derek,Suarez,Ap #979-9421 Arcu. Rd.,Joliet,NY,99630,malesuada.malesuada@hotmail.com
42,Karly,Hines,"P.O. Box 341, 4544 Lectus Road",Missoula,AK,32752,volutpat.nulla@google.net
43,Tatiana,Stephenson,"P.O. Box 952, 5002 Feugiat St.",Springdale,KY,71031,parturient.montes@hotmail.couk
44,Ian,Perez,213-4004 Duis Street,Detroit,FL,68187,urna.ut.tincidunt@aol.org
45,Kieran,Duran,594-338 In Street,Vancouver,NJ,37373,phasellus.dapibus@google.net
46,Sean,Moss,337-2082 Nulla Rd.,Annapolis,FL,54452,commodo.hendrerit@icloud.com
47,Malik,Duncan,Ap #204-8146 Purus Av.,Honolulu,NJ,73721,ultricies.dignissim@hotmail.couk
48,Angela,Gay,Ap #761-4043 Urna. Ave,College,KY,35568,nulla.integer.vulputate@icloud.net
49,Unity,Ball,"P.O. Box 531, 8441 Semper St.",Kenosha,HI,85651,eu@icloud.org
50,Courtney,Molina,Ap #770-3726 Ac Rd.,Houston,FL,84497,adipiscing@google.org
51,Laurel,Atkinson,533-746 Nam Rd.,Fayetteville,AL,93685,neque.et.nunc@protonmail.couk
52,Herrod,Cain,"P.O. Box 526, 312 Sit St.",Salem,FL,12981,arcu.vestibulum@protonmail.com
53,Charissa,Saunders,1788 Enim. Rd.,Essex,CA,62649,vulputate@outlook.couk
54,Justine,Moreno,257-5387 Libero. Rd.,San Diego,GA,33627,in@outlook.edu
55,Madison,Sweet,Ap #981-9804 Metus. Avenue,Mesa,NH,71040,suspendisse.sagittis.nullam@google.ca
56,Meghan,Patton,"P.O. Box 783, 5699 Donec Av.",San Francisco,KY,39024,varius.et@aol.com
57,Cora,Mendez,"448-2847 A, St.",Omaha,WY,68699,amet.faucibus.ut@yahoo.couk
58,Sybill,Dejesus,9058 Pede St.,Bridgeport,WY,24489,donec@aol.ca
59,Adrienne,Mullen,Ap #138-8978 Ante St.,North Las Vegas,KY,41345,enim.nunc@aol.edu
60,Xantha,Hart,371-8825 Integer St.,Oklahoma City,NJ,35811,enim.non.nisi@hotmail.ca
61,Dante,Byrd,7710 Fusce St.,Missoula,FL,68731,justo.sit@protonmail.com
62,Rinah,Byrd,Ap #342-8734 Dolor. St.,Missoula,NJ,53545,non@icloud.ca
63,Jolene,Forbes,"Ap #241-3149 Ut, Road",Memphis,NY,30545,augue@outlook.org
64,Kalia,Downs,"P.O. Box 289, 3881 In Street",West Valley City,AL,75851,purus@hotmail.ca
65,Ila,Mccray,"401-8767 Pharetra, Rd.",Huntsville,NH,41243,tincidunt.donec@google.net
66,Vera,Mann,293-7615 Non Street,Orlando,WY,86824,mollis.lectus@yahoo.ca
67,Rogan,Black,746-8966 Id Street,Sterling Heights,KY,86382,iaculis.enim@yahoo.ca
68,Oren,Ramirez,"4672 Montes, Ave",Kailua,NH,11223,morbi.neque@outlook.net
69,Heidi,Oneal,Ap #266-8432 Lacus. St.,Aurora,CA,54805,dolor.elit.pellentesque@yahoo.com
70,Kadeem,Allison,"469-5548 Lorem, Rd.",Omaha,NH,72334,placerat.cras@yahoo.com
71,Melvin,Huber,Ap #743-1902 Cursus Rd.,Newark,NJ,82421,nec.malesuada.ut@icloud.edu
72,Davis,Buchanan,"7424 Tellus, Avenue",Frederick,NJ,46740,curabitur@outlook.edu
73,Mallory,Diaz,601-5577 Aliquet Rd.,Kapolei,NH,66103,amet.massa@yahoo.com
74,Candace,Kane,585-5074 Vitae Ave,Rutland,KY,28456,nisi.dictum@protonmail.net
75,Nita,Turner,Ap #986-5192 Donec Road,San Francisco,GA,85186,quam.dignissim@aol.net
76,Ginger,Mcknight,887-2624 In Av.,Fresno,FL,94724,ac.mattis@google.org
77,Ronan,Mcguire,"P.O. Box 275, 5118 Duis Ave",Columbus,AK,35426,ipsum.curabitur@icloud.org
78,Galvin,Thompson,"P.O. Box 543, 9498 Parturient St.",Seattle,NJ,31372,vitae@outlook.ca
79,David,Aguirre,"6539 Ac, Street",Huntsville,KY,55458,lobortis.nisi@protonmail.ca
80,Wesley,Bray,Ap #674-8832 Tellus St.,Jonesboro,FL,36442,ipsum.primis@outlook.com
81,Dylan,Vasquez,Ap #347-9208 Velit Av.,Covington,NJ,41151,ullamcorper.duis.cursus@yahoo.net
82,Illana,Mcknight,3740 Et Av.,Overland Park,NH,23821,sapien@google.com
83,Samantha,Hale,800-1202 Euismod Street,Nashville,FL,71471,dolor.fusce.mi@protonmail.edu
84,Sara,Burch,"8371 Ut, Rd.",West Valley City,AL,54004,sit.amet.metus@protonmail.net
85,Christen,Logan,"P.O. Box 990, 7072 Neque. Av.",Minneapolis,WY,93524,iaculis.aliquet@yahoo.org
86,Imani,Mclean,807-5233 Sem Avenue,Richmond,NH,72856,posuere.enim@hotmail.com
87,Aurora,Logan,746-1561 Lorem Av.,Provo,FL,68308,nam.nulla@outlook.ca
88,Hadley,Oneal,Ap #949-6843 Facilisis Street,Pocatello,HI,85767,mauris.magna.duis@outlook.edu
89,Whitney,Mcgee,7112 Donec Rd.,Salt Lake City,NH,64817,ac.orci@icloud.com
90,Yuri,Campbell,Ap #438-7084 Primis Ave,Jefferson City,CA,36843,magna.tellus@icloud.ca
91,John,Miles,Ap #879-8533 Fermentum Rd.,Racine,AL,95085,vivamus.nisi.mauris@hotmail.ca
92,Hermione,Ayers,511-9575 Tempor St.,Helena,AL,82884,quam.a@protonmail.ca
93,Rogan,Moran,"P.O. Box 278, 7650 Non St.",Springfield,HI,30872,id.enim@protonmail.couk
94,Courtney,Wiley,Ap #766-5097 Lorem Road,Omaha,NY,51121,purus.maecenas@protonmail.com
95,Caldwell,Holman,Ap #346-8466 Euismod Rd.,Tuscaloosa,GA,23732,ipsum@icloud.org
96,Camille,Warren,9137 Sollicitudin Road,Montgomery,FL,18552,nunc@aol.ca
97,Mia,Gallagher,Ap #667-747 Luctus Rd.,Tulsa,NY,68865,vel.faucibus@google.couk
98,Inez,Boyle,726-1533 Egestas Street,Bloomington,AL,72530,metus.in@icloud.couk
99,Sydney,Rice,Ap #770-4985 A Av.,Gary,NY,82628,faucibus.lectus@outlook.ca
100,Malik,Santana,"249-7426 Eu, Rd.",Portland,HI,72108,amet.luctus.vulputate@aol.com
101,Kristen,Franks,"793-2082 Enim, Ave",Gresham,HI,35108,placerat@yahoo.org
102,Gil,Alvarez,Ap #583-8660 Mollis. Rd.,Montgomery,WY,61452,euismod.est@protonmail.couk
103,Jacob,Hooper,"P.O. Box 129, 6187 Purus. Av.",Oklahoma City,GA,47239,erat.vitae@protonmail.org
104,Mira,Davis,Ap #997-4365 Morbi Rd.,Montpelier,FL,42774,tempor.augue@protonmail.ca
105,Dai,Hopper,Ap #564-4357 Amet Ave,Philadelphia,GA,78552,sit.amet.luctus@yahoo.ca
106,Boris,Beach,2906 Vel Rd.,Colchester,AL,53776,dignissim.tempor@outlook.couk
107,Amery,Joyner,184-4372 Sit Street,Newark,NH,99698,nibh.enim.gravida@google.ca
108,Lyle,Cobb,Ap #425-1447 Massa. Road,Meridian,FL,41918,tellus.phasellus@outlook.net
109,Dalton,Sexton,329-1083 Phasellus St.,Eugene,CA,96925,consectetuer@aol.edu
110,Abel,Alston,Ap #450-9269 In Road,Chattanooga,FL,67845,lectus.justo@aol.com
111,Burke,Serrano,Ap #646-3127 Elit Avenue,Gresham,GA,95809,eros.turpis@yahoo.org
112,Jin,Brennan,179-8252 Dignissim. St.,Colchester,FL,72720,id.risus.quis@yahoo.org
113,Michelle,Lester,Ap #908-2664 Odio Avenue,Kansas City,NY,71608,eu@aol.couk
114,Kessie,Guthrie,Ap #419-8697 Morbi Rd.,Springfield,HI,35256,neque.sed@protonmail.couk
115,Marah,Norman,624-7893 Pellentesque Road,Jonesboro,AK,96206,blandit.nam@outlook.net
116,Lance,Massey,9873 Magna St.,Frederick,AK,85356,curae@icloud.org
117,Eaton,Boyer,Ap #108-6852 A Street,Wichita,HI,79533,aenean.euismod@aol.edu
118,Theodore,Maldonado,416-2444 Vitae Ave,Naperville,NH,85849,id.enim@icloud.com
119,Lee,Bond,Ap #993-1527 Sit Road,Cleveland,CA,31685,nec@google.com
120,Armand,Bowman,"574-2312 Ultrices, St.",Annapolis,CA,76027,tellus.justo.sit@yahoo.ca
121,Charles,Burton,"922-8512 Ut, Avenue",Olympia,NJ,38970,sed.dictum@yahoo.ca
122,Mannix,Gaines,8953 Convallis Avenue,Phoenix,GA,99583,cras.eget@yahoo.ca
123,Dara,Dotson,Ap #368-5259 Vestibulum Ave,Kaneohe,NH,71886,est@outlook.edu
124,Bethany,Herman,Ap #917-156 Fringilla St.,Memphis,HI,30751,nunc.mauris@icloud.net
125,Graham,Bradford,6925 Lectus Av.,Augusta,CA,40873,neque@aol.net
126,Keefe,Pate,"P.O. Box 940, 2485 Posuere Rd.",Fresno,NY,45275,mauris.rhoncus@hotmail.ca
127,Germane,Black,Ap #159-6109 Est. Rd.,Baltimore,NY,62855,curabitur.massa@protonmail.couk
128,Herrod,Tyson,"P.O. Box 983, 4075 Sed Av.",Essex,HI,52313,ligula@icloud.org
129,Ria,Soto,9811 Augue Street,Hilo,NY,94757,magna.duis.dignissim@hotmail.org
130,Damian,Henson,Ap #934-4832 Fusce St.,Richmond,FL,85512,aliquam.nisl@hotmail.org
131,Connor,Summers,219-2281 Erat Rd.,North Las Vegas,AK,45322,mus.aenean.eget@google.ca
132,Fallon,Jennings,Ap #822-4224 In Street,Gary,HI,72782,nec.metus@aol.org
133,Alec,Orr,649-7999 Quis Ave,Broken Arrow,NJ,31633,id.enim@hotmail.org
134,Marah,Leblanc,"P.O. Box 976, 4502 Nunc Av.",Newport News,NH,77863,rutrum.magna@aol.couk
135,Cody,Morales,391-7085 Dui. Ave,Norfolk,AK,55417,neque@icloud.org
136,Stone,Cunningham,242-8246 Proin Road,Fort Collins,NH,70133,suspendisse.aliquet@icloud.org
137,Germaine,Mullins,857-4930 Malesuada Rd.,Naperville,NH,95847,elit@icloud.com
138,Uriel,Chaney,Ap #477-1701 Elit. Road,St. Petersburg,WY,65731,pede@hotmail.com
139,Stone,Spence,9313 Nunc St.,Hillsboro,KY,59889,purus.accumsan.interdum@protonmail.couk
140,Jelani,Barber,184-4363 Non Street,Provo,NJ,48137,quisque@aol.org
141,Jenette,Harrell,Ap #630-6101 Ut Av.,Athens,HI,36323,pellentesque.massa@protonmail.couk
142,Lars,Travis,Ap #559-9767 Sit Ave,Reading,GA,62269,vehicula.risus.nulla@protonmail.ca
143,Madeson,Blankenship,Ap #249-746 Ipsum. Ave,Knoxville,NY,67573,luctus@outlook.edu
144,Julian,Watson,Ap #878-8863 Ut Ave,Memphis,AK,35753,hendrerit@google.com
145,Amy,Simmons,211-3458 Dis Street,Cedar Rapids,GA,75616,purus.mauris.a@hotmail.org
146,Rae,Tyson,Ap #314-1529 Est. Ave,College,CA,43214,lobortis@protonmail.edu
147,Rosalyn,Whitaker,Ap #259-9772 Facilisis Rd.,Rockville,KY,86233,curabitur.ut@google.net
148,Yetta,Chavez,"P.O. Box 552, 6787 Libero Rd.",Aurora,AK,44316,neque.et.nunc@protonmail.ca
149,Hoyt,Hebert,452-8190 Nullam Street,Saint Louis,NY,78726,diam@outlook.net
150,Alea,Dillard,332-5394 Aliquet. Road,Des Moines,AL,69831,nisi.aenean@outlook.ca
151,Kennedy,Wilcox,Ap #265-3510 Fames St.,Kansas City,NJ,71157,ornare@hotmail.couk
152,Holmes,Rush,Ap #382-3039 Rhoncus. Rd.,Stamford,AL,66361,risus.quisque@aol.edu
153,Kevin,Stephens,"P.O. Box 339, 892 Ipsum. St.",Columbus,GA,76516,ut.erat@google.edu
154,Demetria,Ramirez,"P.O. Box 425, 6712 Quisque Avenue",Davenport,HI,42287,sed.consequat@hotmail.edu
155,Mara,Drake,432-7601 Suspendisse St.,Fort Smith,WY,71509,dis.parturient@aol.couk
156,Devin,Weiss,7978 Tristique St.,Racine,AK,23495,eget.ipsum@hotmail.org
157,Duncan,Horne,185-6860 Nisl Street,Saint Paul,WY,97783,quam.quis@yahoo.ca
158,Mari,Fuentes,3443 Semper St.,San Jose,FL,52046,egestas.urna@aol.net
159,Adele,Lindsay,941-1630 Sodales Road,Birmingham,NY,88819,quam@icloud.couk
160,Shea,Conrad,Ap #673-5403 Parturient Street,Butte,NJ,61353,lorem@icloud.com
161,Gillian,Bird,"882-8008 Eget, St.",West Jordan,NY,57496,fringilla.mi@aol.ca
162,Oscar,Todd,"P.O. Box 338, 7152 Ultricies Road",Augusta,NY,76378,dis.parturient@outlook.org
163,Flynn,Gay,"310-451 Dolor, St.",Fort Smith,NY,72609,tincidunt@aol.net
164,Buckminster,Gates,Ap #995-2796 Enim. St.,Philadelphia,GA,85467,magna.et.ipsum@yahoo.net
165,Mariko,Giles,2168 Nunc St.,San Antonio,HI,72173,orci.ut@icloud.ca
166,Tanya,Odom,490-9044 Commodo Rd.,Bowling Green,AL,72767,sit.amet.nulla@outlook.net
167,Anthony,Dotson,"P.O. Box 623, 761 Mauris Street",Idaho Falls,FL,20749,pellentesque@aol.org
168,Orson,Haynes,3890 Nulla St.,Harrisburg,AL,47075,fusce.diam@icloud.couk
169,Michael,Cohen,Ap #466-2252 Duis St.,Rockford,AK,36678,eros@hotmail.couk
170,Kyle,Knight,"Ap #905-6714 Vestibulum, St.",Indianapolis,CA,60508,sit.amet.ultricies@hotmail.edu
171,Sonia,Crawford,"Ap #208-3327 Nunc, Rd.",Nashville,AL,43751,dictum.cursus@yahoo.edu
172,Todd,Baker,366-4467 Ullamcorper Ave,Rockville,FL,78644,ligula.eu.enim@aol.com
173,Ferdinand,Atkins,890-4181 Dui. Street,Tampa,KY,59079,lacus.quisque.purus@yahoo.org
174,Zelenia,Fernandez,"P.O. Box 307, 2795 Amet Street",Saint Paul,GA,72363,interdum.enim@icloud.ca
175,Laith,Frank,Ap #722-3232 Rutrum Street,New Orleans,NY,84782,massa.mauris@yahoo.net
176,Jessamine,Lindsey,703-4932 Non Street,Fort Smith,AL,90827,pede.et@outlook.edu
177,Zahir,Byers,Ap #470-4884 Mollis Street,Fort Collins,CA,39454,pede.nunc.sed@icloud.couk
178,Kelly,Blake,Ap #291-4173 Quisque Road,Helena,GA,46411,est.mauris.eu@google.ca
179,Thomas,Alexander,635-5183 Nam Rd.,Waterbury,FL,79725,augue.scelerisque.mollis@google.com
180,Colorado,Trujillo,118-6175 Etiam Street,Los Angeles,AL,96112,a.nunc.in@protonmail.org
181,Cailin,Day,Ap #738-4132 Nibh Ave,Worcester,NY,94824,nec.mauris@yahoo.edu
182,Emmanuel,Rosario,3594 Porttitor Rd.,Rutland,WY,74572,dolor.quisque@hotmail.com
183,Troy,Mcknight,Ap #496-2197 Non St.,Harrisburg,FL,71541,vitae.aliquam@hotmail.org
184,Walter,Riggs,8173 Phasellus Rd.,Kearney,KY,99657,nulla@outlook.couk
185,Quinn,Kirkland,8776 Eget St.,Chattanooga,AK,62042,cras@outlook.edu
186,Cooper,Snyder,Ap #726-5102 Massa. St.,Mesa,KY,94443,convallis@protonmail.org
187,Rina,Sampson,6816 Egestas Avenue,Lexington,CA,67131,rutrum.non@protonmail.edu
188,Paloma,Pope,Ap #413-1877 A Rd.,Toledo,WY,47623,cum@aol.org
189,Jakeem,Wood,395-2806 Risus. Rd.,Bozeman,NH,48264,ullamcorper@aol.edu
190,Wang,Chambers,704-7613 Malesuada Av.,Kailua,GA,46725,tempor@google.com
191,Jena,Mathis,"P.O. Box 725, 8396 Aliquam Rd.",Boise,GA,12592,nec@icloud.org
192,Gail,Fields,Ap #478-192 Sit Road,Anchorage,FL,53580,eget.nisi@protonmail.edu
193,Cynthia,Bowers,1830 Nibh. Avenue,Springfield,HI,12277,consequat.auctor@google.com
194,Petra,Page,Ap #963-2545 Phasellus St.,Honolulu,AL,37718,mauris@aol.edu
195,Signe,Trevino,Ap #189-4933 Ac Avenue,Chicago,NY,53686,egestas.blandit.nam@aol.couk
196,Fitzgerald,Franco,Ap #374-6104 A Rd.,Hartford,CA,81454,vitae.sodales@google.couk
197,Eliana,Harmon,Ap #136-1697 Turpis St.,Lansing,WY,38131,nulla@icloud.edu
198,Aurora,Carver,8575 Purus St.,Bowling Green,GA,69898,luctus.curabitur@protonmail.com
199,Lance,Flowers,Ap #529-3387 Sollicitudin Road,Bowling Green,FL,56716,quis.pede@protonmail.com
200,Vielka,Rios,"P.O. Box 759, 2094 Lobortis St.",Omaha,NY,61834,quisque.ornare@icloud.edu
201,Orlando,Daugherty,"Ap #995-1937 Quis, St.",Laramie,WY,96679,ornare.elit.elit@yahoo.org
202,Mark,Bush,"P.O. Box 198, 5062 Et St.",College,AK,88221,augue@hotmail.couk
203,Henry,Mcdonald,445-310 Morbi St.,Chattanooga,AL,28833,pellentesque@aol.com
204,Brian,Ortiz,"Ap #501-7384 Et, Rd.",Jefferson City,KY,95721,egestas.aliquam@protonmail.couk
205,Hamish,Curtis,735-5451 Nunc St.,Gary,NJ,30250,rutrum.eu.ultrices@icloud.net
206,Steven,Wright,Ap #970-2911 Mi Street,Spokane,NY,42874,porttitor.scelerisque.neque@google.org
207,Ryder,Owen,543-9441 Purus. Road,Salem,GA,35850,tempor.est@outlook.edu
208,Lisandra,Boyle,2144 Est St.,Minneapolis,WY,57166,dolor@protonmail.net
209,Tashya,England,Ap #789-9505 Parturient Rd.,Des Moines,AL,92795,orci.ut@protonmail.edu
210,Philip,Sherman,5738 Venenatis St.,Kaneohe,AL,37340,in@aol.net
211,Rudyard,Bauer,Ap #408-3545 Dolor Avenue,St. Petersburg,HI,43842,id@yahoo.com
212,Omar,Williams,1365 Eget Road,Biloxi,NY,26146,est@outlook.ca
213,Angelica,Roach,5912 Sit Rd.,Newport News,AL,79037,nunc.ullamcorper.velit@google.com
214,Hayfa,Richard,"P.O. Box 710, 9995 Erat, Street",Fairbanks,NH,37065,duis.cursus@yahoo.couk
215,Alden,Hodges,Ap #987-8667 Pretium Rd.,Anchorage,NJ,17273,ut.nulla.cras@icloud.org
216,Lacey,Gibson,9431 Ut Road,Jonesboro,AK,24389,ante.bibendum.ullamcorper@hotmail.edu
217,Linus,Orr,Ap #603-8382 Eu Ave,San Francisco,KY,43078,sed.dictum@protonmail.net
218,Meredith,Reeves,"Ap #621-1364 Sem, Street",Montgomery,HI,47717,velit.justo@google.couk
219,Jaden,Compton,4322 Cursus Rd.,Hillsboro,WY,86527,fermentum@protonmail.couk
220,Destiny,Phillips,625-4736 Fringilla Street,Mesa,CA,91235,blandit@google.couk
221,Noelani,Walton,3463 Nunc Av.,Portland,CA,78855,non@aol.net
222,Edan,Stephens,9234 Nunc Ave,Provo,WY,86807,aliquam.erat@protonmail.com
223,Stella,Miles,"P.O. Box 728, 9370 Tempor, Av.",Ketchikan,KY,27845,feugiat.placerat@aol.couk
224,Jelani,Carlson,805 In St.,Kailua,HI,99853,convallis.est@icloud.org
225,Latifah,Pacheco,Ap #169-4873 Ac St.,Pittsburgh,AK,89498,mauris@aol.couk
226,Hakeem,Gill,"P.O. Box 732, 6166 Risus. Street",Denver,CA,48227,dictum.cursus@protonmail.com
227,Ali,Kidd,775-289 Mauris Street,Bowling Green,WY,53392,magna@hotmail.com
228,Deirdre,Cooley,702-3990 Neque St.,Lowell,WY,92217,accumsan.convallis.ante@icloud.net
229,Madison,Fuentes,8035 Pellentesque Av.,Lincoln,KY,41625,quisque.porttitor@protonmail.com
230,Kaseem,Hubbard,8436 Integer Rd.,Columbia,NY,24100,elit@protonmail.edu
231,Rinah,Watson,Ap #311-671 Odio. Road,Iowa City,FL,32239,praesent@aol.com
232,Martina,Knox,7273 Ligula Road,Bangor,AK,78969,sed@icloud.org
233,Leonard,Short,377-7005 Dolor Street,Bear,AL,22723,pede.et.risus@hotmail.com
234,Jemima,Graham,Ap #484-168 Scelerisque Av.,Kailua,KY,34462,magna.phasellus@yahoo.ca
235,Clayton,Cox,835-8094 Natoque St.,Gresham,KY,78229,lobortis@icloud.ca
236,Charles,Cabrera,Ap #689-9791 Fringilla. Street,Huntsville,AK,72153,sagittis.placerat@google.org
237,Desiree,Meadows,464-5038 Non Rd.,Great Falls,GA,57845,et.magna.praesent@yahoo.org
238,Serina,Simmons,5551 Nunc Road,Aurora,FL,42340,neque.vitae@google.org
239,Kirestin,Todd,1422 Ipsum Rd.,Kearney,WY,46483,ultricies@google.org
240,Iola,Sexton,"P.O. Box 883, 8615 Risus Street",Norman,AL,95839,senectus.et.netus@icloud.edu
241,Kennan,Foreman,Ap #182-1770 Rutrum Rd.,Joliet,GA,11355,lectus.rutrum.urna@google.com
242,Malachi,Perez,Ap #484-1225 In St.,Grand Rapids,NY,51138,risus@google.edu
243,Georgia,Stewart,636 Sodales Rd.,Baton Rouge,WY,99743,felis.adipiscing.fringilla@icloud.com
244,Raphael,Moss,Ap #379-1070 Sodales Street,Miami,FL,26432,nunc@aol.net
245,Morgan,Long,493-1192 Morbi Rd.,Sacramento,AK,24753,donec.est@icloud.edu
246,Flynn,Valentine,2998 Aliquam St.,Shreveport,GA,89216,conubia.nostra@hotmail.couk
247,Gay,Warren,"266-4650 Vitae, St.",Henderson,FL,78451,fusce.aliquam@google.org
248,Zia,Blair,"P.O. Box 934, 4894 Fusce St.",Evansville,KY,13832,mi.eleifend.egestas@icloud.couk
249,Wendy,Schneider,"548-6396 At, Street",Warren,WY,54462,ac@aol.ca
250,Vladimir,Mccall,310-4505 Arcu. St.,Rockville,GA,55845,vitae@google.net